{"2556591ecc74bcbf275d9ded83eb7aa4":{"statistic":{"failed":0,"broken":0,"skipped":0,"passed":1,"unknown":0,"total":1},"items":[{"uid":"d36a37ccd85535d","status":"passed","time":{"start":1747066442515,"stop":1747066465392,"duration":22877}}]},"7fbee1781c2a418c88a0355f75f7ff80":{"statistic":{"failed":0,"broken":0,"skipped":0,"passed":1,"unknown":0,"total":1},"items":[{"uid":"cfb6e971b5719af5","status":"passed","time":{"start":1747066403371,"stop":1747066424520,"duration":21149}}]},"03972572d9f8fa0b0369ab44bbf074d1":{"statistic":{"failed":0,"broken":0,"skipped":0,"passed":1,"unknown":0,"total":1},"items":[{"uid":"ac1fc3bdc4aff662","status":"passed","time":{"start":1747066424552,"stop":1747066442481,"duration":17929}}]},"af05739b8ea87a52d1ec9ea831a29444":{"statistic":{"failed":0,"broken":0,"skipped":0,"passed":1,"unknown":0,"total":1},"items":[{"uid":"75f9b6be2a400ec4","status":"passed","time":{"start":1747066397895,"stop":1747066403339,"duration":5444}}]},"91f0c13136b60cb613a8e7d862fe202e":{"statistic":{"failed":0,"broken":0,"skipped":0,"passed":1,"unknown":0,"total":1},"items":[{"uid":"4e4daee6590f6cb","status":"passed","time":{"start":1747066465424,"stop":1747066487126,"duration":21702}}]},"43037bd8d6aeb80b599a417ede7f681f":{"statistic":{"failed":0,"broken":0,"skipped":0,"passed":1,"unknown":0,"total":1},"items":[{"uid":"4133510448a2b3e2","status":"passed","time":{"start":1747066383044,"stop":1747066397839,"duration":14795}}]}}