[{"uid":"75f9b6be2a400ec4","name":"Validate User Info In DB","time":{"start":1747066397895,"stop":1747066403339,"duration":5444},"status":"passed","severity":"normal"},{"uid":"ac1fc3bdc4aff662","name":"User Can Add Product To Cart","time":{"start":1747066424552,"stop":1747066442481,"duration":17929},"status":"passed","severity":"normal"},{"uid":"4e4daee6590f6cb","name":"Verify Order Confirmation Message","time":{"start":1747066465424,"stop":1747066487126,"duration":21702},"status":"passed","severity":"normal"},{"uid":"4133510448a2b3e2","name":"Valid User Can Log In Successfully","time":{"start":1747066383044,"stop":1747066397839,"duration":14795},"status":"passed","severity":"normal"},{"uid":"cfb6e971b5719af5","name":"User Can View Phones Category","time":{"start":1747066403371,"stop":1747066424520,"duration":21149},"status":"passed","severity":"normal"},{"uid":"d36a37ccd85535d","name":"User Can Place Order","time":{"start":1747066442515,"stop":1747066465392,"duration":22877},"status":"passed","severity":"normal"}]