{"uid":"83edc06c07f9ae9e47eb6dd1b683e4e2","name":"packages","children":[{"name":"Valid User Can Log In Successfully","uid":"4133510448a2b3e2","parentUid":"83edc06c07f9ae9e47eb6dd1b683e4e2","status":"passed","time":{"start":1747066383044,"stop":1747066397839,"duration":14795},"flaky":false,"newFailed":false,"newPassed":false,"newBroken":false,"retriesCount":0,"retriesStatusChange":false,"parameters":[],"tags":[]},{"name":"Validate User Info In DB","uid":"75f9b6be2a400ec4","parentUid":"83edc06c07f9ae9e47eb6dd1b683e4e2","status":"passed","time":{"start":1747066397895,"stop":1747066403339,"duration":5444},"flaky":false,"newFailed":false,"newPassed":false,"newBroken":false,"retriesCount":0,"retriesStatusChange":false,"parameters":[],"tags":[]},{"name":"User Can View Phones Category","uid":"cfb6e971b5719af5","parentUid":"83edc06c07f9ae9e47eb6dd1b683e4e2","status":"passed","time":{"start":1747066403371,"stop":1747066424520,"duration":21149},"flaky":false,"newFailed":false,"newPassed":false,"newBroken":false,"retriesCount":0,"retriesStatusChange":false,"parameters":[],"tags":[]},{"name":"User Can Add Product To Cart","uid":"ac1fc3bdc4aff662","parentUid":"83edc06c07f9ae9e47eb6dd1b683e4e2","status":"passed","time":{"start":1747066424552,"stop":1747066442481,"duration":17929},"flaky":false,"newFailed":false,"newPassed":false,"newBroken":false,"retriesCount":0,"retriesStatusChange":false,"parameters":[],"tags":[]},{"name":"User Can Place Order","uid":"d36a37ccd85535d","parentUid":"83edc06c07f9ae9e47eb6dd1b683e4e2","status":"passed","time":{"start":1747066442515,"stop":1747066465392,"duration":22877},"flaky":false,"newFailed":false,"newPassed":false,"newBroken":false,"retriesCount":0,"retriesStatusChange":false,"parameters":[],"tags":[]},{"name":"Verify Order Confirmation Message","uid":"4e4daee6590f6cb","parentUid":"83edc06c07f9ae9e47eb6dd1b683e4e2","status":"passed","time":{"start":1747066465424,"stop":1747066487126,"duration":21702},"flaky":false,"newFailed":false,"newPassed":false,"newBroken":false,"retriesCount":0,"retriesStatusChange":false,"parameters":[],"tags":[]}]}