"DESCRIPTION","DURATION IN MS","NAME","PARENT SUITE","START TIME","STATUS","STOP TIME","SUB SUITE","SUITE","TEST CLASS","TEST METHOD"
"","14795","Valid User Can Log In Successfully","","Mon May 12 21:43:03 IST 2025","passed","Mon May 12 21:43:17 IST 2025","1 Login Tests","Tests","",""
"","22877","User Can Place Order","","Mon May 12 21:44:02 IST 2025","passed","Mon May 12 21:44:25 IST 2025","5 Checkout Tests","Tests","",""
"","21149","User Can View Phones Category","","Mon May 12 21:43:23 IST 2025","passed","Mon May 12 21:43:44 IST 2025","3 Product Search Tests","Tests","",""
"","21702","Verify Order Confirmation Message","","Mon May 12 21:44:25 IST 2025","passed","Mon May 12 21:44:47 IST 2025","6 Order Validation Tests","Tests","",""
"","17929","User Can Add Product To Cart","","Mon May 12 21:43:44 IST 2025","passed","Mon May 12 21:44:02 IST 2025","4 Cart Tests","Tests","",""
"","5444","Validate User Info In DB","","Mon May 12 21:43:17 IST 2025","passed","Mon May 12 21:43:23 IST 2025","2 Db Validation Tests","Tests","",""
