{"uid":"98d3104e051c652961429bf95fa0b5d6","name":"suites","children":[{"name":"Tests","children":[{"name":"1 Login Tests","children":[{"name":"Valid User Can Log In Successfully","uid":"4133510448a2b3e2","parentUid":"761f61cae41390607f6a7f1d5d5b5f29","status":"passed","time":{"start":1747066383044,"stop":1747066397839,"duration":14795},"flaky":false,"newFailed":false,"newPassed":false,"newBroken":false,"retriesCount":0,"retriesStatusChange":false,"parameters":[],"tags":[]}],"uid":"761f61cae41390607f6a7f1d5d5b5f29"},{"name":"2 Db Validation Tests","children":[{"name":"Validate User Info In DB","uid":"75f9b6be2a400ec4","parentUid":"14f0a0379923af3d10e56fe410d191ee","status":"passed","time":{"start":1747066397895,"stop":1747066403339,"duration":5444},"flaky":false,"newFailed":false,"newPassed":false,"newBroken":false,"retriesCount":0,"retriesStatusChange":false,"parameters":[],"tags":[]}],"uid":"14f0a0379923af3d10e56fe410d191ee"},{"name":"3 Product Search Tests","children":[{"name":"User Can View Phones Category","uid":"cfb6e971b5719af5","parentUid":"58467340100250f75ff15c3b8934c053","status":"passed","time":{"start":1747066403371,"stop":1747066424520,"duration":21149},"flaky":false,"newFailed":false,"newPassed":false,"newBroken":false,"retriesCount":0,"retriesStatusChange":false,"parameters":[],"tags":[]}],"uid":"58467340100250f75ff15c3b8934c053"},{"name":"4 Cart Tests","children":[{"name":"User Can Add Product To Cart","uid":"ac1fc3bdc4aff662","parentUid":"bf1afb9bf1082f030cc62f25c9ac3c61","status":"passed","time":{"start":1747066424552,"stop":1747066442481,"duration":17929},"flaky":false,"newFailed":false,"newPassed":false,"newBroken":false,"retriesCount":0,"retriesStatusChange":false,"parameters":[],"tags":[]}],"uid":"bf1afb9bf1082f030cc62f25c9ac3c61"},{"name":"5 Checkout Tests","children":[{"name":"User Can Place Order","uid":"d36a37ccd85535d","parentUid":"568f347d2ccaf10e4a354b4c8dcb69d7","status":"passed","time":{"start":1747066442515,"stop":1747066465392,"duration":22877},"flaky":false,"newFailed":false,"newPassed":false,"newBroken":false,"retriesCount":0,"retriesStatusChange":false,"parameters":[],"tags":[]}],"uid":"568f347d2ccaf10e4a354b4c8dcb69d7"},{"name":"6 Order Validation Tests","children":[{"name":"Verify Order Confirmation Message","uid":"4e4daee6590f6cb","parentUid":"24b988752ff9ff0cc77eee1b15b69b47","status":"passed","time":{"start":1747066465424,"stop":1747066487126,"duration":21702},"flaky":false,"newFailed":false,"newPassed":false,"newBroken":false,"retriesCount":0,"retriesStatusChange":false,"parameters":[],"tags":[]}],"uid":"24b988752ff9ff0cc77eee1b15b69b47"}],"uid":"902c53be0755ed2c5e3076a8d5ce2e49"}]}