{"uid":"ab17fc5a4eb3bca4b216b548c7f9fcbc","name":"timeline","children":[{"name":"DESKTOP-9P0VEME","children":[{"name":"default-a2dee17c-b317-4630-9e7d-3b51a5d1b010","children":[{"name":"User Can View Phones Category","uid":"cfb6e971b5719af5","parentUid":"1edce59eda790e5a45def15de44d38d5","status":"passed","time":{"start":1747066403371,"stop":1747066424520,"duration":21149},"flaky":false,"newFailed":false,"newPassed":false,"newBroken":false,"retriesCount":0,"retriesStatusChange":false,"parameters":[],"tags":[]},{"name":"User Can Add Product To Cart","uid":"ac1fc3bdc4aff662","parentUid":"1edce59eda790e5a45def15de44d38d5","status":"passed","time":{"start":1747066424552,"stop":1747066442481,"duration":17929},"flaky":false,"newFailed":false,"newPassed":false,"newBroken":false,"retriesCount":0,"retriesStatusChange":false,"parameters":[],"tags":[]},{"name":"Valid User Can Log In Successfully","uid":"4133510448a2b3e2","parentUid":"1edce59eda790e5a45def15de44d38d5","status":"passed","time":{"start":1747066383044,"stop":1747066397839,"duration":14795},"flaky":false,"newFailed":false,"newPassed":false,"newBroken":false,"retriesCount":0,"retriesStatusChange":false,"parameters":[],"tags":[]},{"name":"User Can Place Order","uid":"d36a37ccd85535d","parentUid":"1edce59eda790e5a45def15de44d38d5","status":"passed","time":{"start":1747066442515,"stop":1747066465392,"duration":22877},"flaky":false,"newFailed":false,"newPassed":false,"newBroken":false,"retriesCount":0,"retriesStatusChange":false,"parameters":[],"tags":[]},{"name":"Verify Order Confirmation Message","uid":"4e4daee6590f6cb","parentUid":"1edce59eda790e5a45def15de44d38d5","status":"passed","time":{"start":1747066465424,"stop":1747066487126,"duration":21702},"flaky":false,"newFailed":false,"newPassed":false,"newBroken":false,"retriesCount":0,"retriesStatusChange":false,"parameters":[],"tags":[]},{"name":"Validate User Info In DB","uid":"75f9b6be2a400ec4","parentUid":"1edce59eda790e5a45def15de44d38d5","status":"passed","time":{"start":1747066397895,"stop":1747066403339,"duration":5444},"flaky":false,"newFailed":false,"newPassed":false,"newBroken":false,"retriesCount":0,"retriesStatusChange":false,"parameters":[],"tags":[]}],"uid":"1edce59eda790e5a45def15de44d38d5"}],"uid":"0be602bd1af65d0782b6950ecaf6cc31"}]}